User01, Smith, Jane, 2021, 08, 07
User02, Taylor, John, 2020, 12, 31
User02, Thompson, Carol, 2020, 4, 15
User03, Fillingame, Susan, 2019, 03, 30
User04, Samuels, Steven, 2020, 06, 27
User01, Smith, Jane, 2021, 08, 07
User01, Smith, Jane, 2021, 08, 07
User02, Taylor, John, 2020, 12, 31
User02, Thompson, Carol, 2020, 04, 15
User03, Fillingame, Susan, 2019, 03, 30
User04, Samuels, Steven, 2020, 06, 27
User04, Jackson, Michael, 1990, 08, 29
User05, Johnson, Sarah, 2022, 01, 15
User06, Anderson, David, 2021, 03, 05
User07, Williams, Emily, 2023, 02, 01
User07, Martinez, Maria, 2022, 05, 10
User08, Brown, Andrew, 2022, 11, 18
User08, Davis, Michael, 2023, 03, 21
User09, Garcia, Jessica, 2021, 07, 12
User10, Wilson, Christopher, 2020, 09, 03
User10, Miller, Lisa, 2022, 06, 04
User11, Taylor, Melissa, 2023, 01, 02
User12, Thomas, Daniel, 2022, 12, 25
User13, Moore, Jennifer, 2023, 04, 07
User14, Jackson, William, 2022, 08, 14
User14, Thompson, Karen, 2023, 03, 09
User15, Harris, Samantha, 2023, 01, 11
User16, Anderson, Robert, 2022, 10, 22
User16, Martinez, Nicole, 2021, 06, 16
User17, Lee, Jonathan, 2023, 05, 01
User18, Clark, Laura, 2020, 12, 05
User18, Rodriguez, Angela, 2022, 02, 17
User19, Lewis, Matthew, 2021, 11, 30
User20, Walker, Kimberly, 2023, 03, 18
User20, Baker, James, 2022, 07, 09
User21, Gonzalez, Michelle, 2023, 04, 10
User22, Hall, Joseph, 2022, 09, 20
User22, Young, Amanda, 2021, 05, 24
User23, Allen, Benjamin, 2023, 02, 28
User24, Green, Olivia, 2022, 06, 13
